{
  "metadata": {
    "timestamp": "2025-09-24T07:21:39.115256",
    "host": "localhost",
    "port": 6333,
    "iterations": 5,
    "load_test_duration": 10,
    "system_info": {
      "cpu_count": 11,
      "memory_total": 38654705664,
      "memory_available": 11308515328,
      "disk_usage": 11.2,
      "python_version": "3.13.7 (main, Aug 14 2025, 11:12:11) [Clang 17.0.0 (clang-1700.0.13.3)]",
      "platform": "posix"
    }
  },
  "read_benchmark": {
    "results": {
      "single_search": {
        "times": [
          0.015657901763916016,
          0.008196830749511719,
          0.0055239200592041016,
          0.005697965621948242,
          0.005070686340332031
        ],
        "mean": 0.008029460906982422,
        "median": 0.005697965621948242,
        "p95": 0.014165687561035156,
        "p99": 0.015359458923339843,
        "min": 0.005070686340332031,
        "max": 0.015657901763916016
      },
      "batch_search": {
        "times": [
          0.044982194900512695
        ],
        "mean": 0.044982194900512695,
        "median": 0.044982194900512695,
        "p95": 0.044982194900512695,
        "p99": 0.044982194900512695,
        "min": 0.044982194900512695,
        "max": 0.044982194900512695
      },
      "filtered_search": {
        "times": [
          0.011371135711669922,
          0.00888514518737793,
          0.010280132293701172,
          0.009463071823120117,
          0.009582757949829102
        ],
        "mean": 0.009916448593139648,
        "median": 0.009582757949829102,
        "p95": 0.01115293502807617,
        "p99": 0.011327495574951172,
        "min": 0.00888514518737793,
        "max": 0.011371135711669922
      },
      "retrieve_by_id": {
        "times": [
          0.0023882389068603516,
          0.0013689994812011719,
          0.0015058517456054688,
          0.0016660690307617188,
          0.001474618911743164
        ],
        "mean": 0.001680755615234375,
        "median": 0.0015058517456054688,
        "p95": 0.0022438049316406247,
        "p99": 0.0023593521118164063,
        "min": 0.0013689994812011719,
        "max": 0.0023882389068603516
      },
      "scroll": {
        "times": [
          0.20711994171142578
        ],
        "mean": 0.20711994171142578,
        "median": 0.20711994171142578,
        "p95": 0.20711994171142578,
        "p99": 0.20711994171142578,
        "min": 0.20711994171142578,
        "max": 0.20711994171142578
      },
      "concurrent_search": {
        "times": [
          0.01743626594543457,
          0.019205331802368164,
          0.019316911697387695,
          0.020704030990600586,
          0.02482914924621582,
          0.02441120147705078,
          0.030303955078125,
          0.02099132537841797,
          0.03729987144470215,
          0.0378570556640625,
          0.03857612609863281,
          0.02390599250793457,
          0.026192903518676758,
          0.02153611183166504,
          0.024641036987304688,
          0.02988600730895996,
          0.020783185958862305,
          0.017378807067871094,
          0.01807880401611328,
          0.023615121841430664,
          0.020691871643066406,
          0.01924896240234375,
          0.03589606285095215,
          0.03222012519836426,
          0.03793597221374512,
          0.0266420841217041,
          0.03451108932495117,
          0.03668022155761719,
          0.03631114959716797,
          0.02822709083557129,
          0.028162002563476562,
          0.03872179985046387,
          0.026532888412475586,
          0.022088050842285156,
          0.029098033905029297,
          0.03740501403808594,
          0.03016805648803711,
          0.03719496726989746,
          0.020573854446411133,
          0.03483009338378906,
          0.052427053451538086,
          0.01921701431274414,
          0.036576032638549805,
          0.029161930084228516,
          0.042539119720458984,
          0.05236005783081055,
          0.03592085838317871,
          0.018337011337280273,
          0.03084588050842285,
          0.034677982330322266,
          0.03041815757751465,
          0.03488588333129883,
          0.03002023696899414,
          0.032343149185180664,
          0.03808188438415527,
          0.03428196907043457,
          0.03426098823547363,
          0.048828840255737305,
          0.04541802406311035,
          0.04344797134399414,
          0.02054119110107422,
          0.05634474754333496,
          0.023257732391357422,
          0.027291297912597656,
          0.01667308807373047,
          0.029852867126464844,
          0.020267963409423828,
          0.028354883193969727,
          0.016258955001831055,
          0.016656875610351562,
          0.035455942153930664,
          0.03642892837524414,
          0.03414297103881836,
          0.035798072814941406,
          0.045562028884887695,
          0.04463601112365723,
          0.039370059967041016,
          0.03369617462158203,
          0.03576493263244629,
          0.034137725830078125,
          0.015158653259277344,
          0.016521930694580078,
          0.03538370132446289,
          0.0365910530090332,
          0.03897595405578613,
          0.03661394119262695,
          0.04223203659057617,
          0.034423112869262695,
          0.04317617416381836,
          0.0428621768951416,
          0.030498027801513672,
          0.018436193466186523,
          0.021131038665771484,
          0.023314952850341797,
          0.019840002059936523,
          0.024474143981933594,
          0.07092475891113281,
          0.021217823028564453,
          0.019604921340942383,
          0.025507211685180664
        ],
        "mean": 0.03081518888473511,
        "median": 0.030361056327819824,
        "p95": 0.04572536945343016,
        "p99": 0.056490547657013016,
        "min": 0.015158653259277344,
        "max": 0.07092475891113281
      }
    },
    "duration": 0.7169539928436279,
    "timestamp": "2025-09-24T07:21:39.907310"
  },
  "write_benchmark": {
    "results": {
      "single_insert": {
        "times": [
          0.0035371780395507812,
          0.0029277801513671875,
          0.002946138381958008,
          0.004960060119628906,
          0.0038559436798095703
        ],
        "mean": 0.0036454200744628906,
        "median": 0.0035371780395507812,
        "p95": 0.004739236831665039,
        "p99": 0.004915895462036132,
        "min": 0.0029277801513671875,
        "max": 0.004960060119628906
      },
      "batch_insert_10": {
        "times": [
          0.010648250579833984
        ],
        "mean": 0.010648250579833984,
        "median": 0.010648250579833984,
        "p95": 0.010648250579833984,
        "p99": 0.010648250579833984,
        "min": 0.010648250579833984,
        "max": 0.010648250579833984,
        "batch_size": 10
      },
      "batch_insert_100": {
        "times": [
          0.08023905754089355
        ],
        "mean": 0.08023905754089355,
        "median": 0.08023905754089355,
        "p95": 0.08023905754089355,
        "p99": 0.08023905754089355,
        "min": 0.08023905754089355,
        "max": 0.08023905754089355,
        "batch_size": 100
      },
      "batch_insert_1000": {
        "times": [
          0.7087888717651367
        ],
        "mean": 0.7087888717651367,
        "median": 0.7087888717651367,
        "p95": 0.7087888717651367,
        "p99": 0.7087888717651367,
        "min": 0.7087888717651367,
        "max": 0.7087888717651367,
        "batch_size": 1000
      },