{
  "single_search": {
    "mean": 0.011070499420166016,
    "median": 0.005384325981140137,
    "p95": 0.05182777643203731,
    "p99": 0.07558081626892084,
    "min": 0.002808094024658203,
    "max": 0.0905919075012207,
    "qps": 90.33016145399914
  },
  "batch_search": {
    "mean": 0.04894418716430664,
    "median": 0.054203033447265625,
    "p95": 0.06464219093322754,
    "p99": 0.0655428409576416,
    "min": 0.02948284149169922,
    "max": 0.06576800346374512,
    "qps": 20.431435435692894
  },
  "filtered_search": {
    "mean": 0.022081060409545897,
    "median": 0.02144145965576172,
    "p95": 0.033264768123626706,
    "p99": 0.047474448680877634,
    "min": 0.010513782501220703,
    "max": 0.059084177017211914,
    "qps": 45.28768009563927
  },
  "retrieve_by_id": {
    "mean": 0.007322506904602051,
    "median": 0.00523984432220459,
    "p95": 0.01759786605834961,
    "p99": 0.01825103759765625,
    "min": 0.0032351016998291016,
    "max": 0.018687963485717773,
    "qps": 136.56525190457927
  },
  "scroll": {
    "mean": 0.31500873565673826,
    "median": 0.26454925537109375,
    "p95": 0.3969892501831055,
    "p99": 0.3974959182739258,
    "min": 0.25832295417785645,
    "max": 0.39762258529663086,
    "qps": 3.174515138176008
  },
  "concurrent_search": {
    "mean": 0.032336583137512205,
    "median": 0.02802884578704834,
    "p95": 0.06392432451248169,
    "p99": 0.07148688793182378,
    "min": 0.006739139556884766,
    "max": 0.08158302307128906,
    "qps": 30.92472682557315
  }
}