{
  "single_search": {
    "mean": 0.008130598068237304,
    "median": 0.006909847259521484,
    "p95": 0.011211585998535155,
    "p99": 0.011437454223632812,
    "min": 0.005933046340942383,
    "max": 0.011493921279907227,
    "qps": 122.99218232254812
  },
  "batch_search": {
    "mean": 0.03819990158081055,
    "median": 0.03819990158081055,
    "p95": 0.03819990158081055,
    "p99": 0.03819990158081055,
    "min": 0.03819990158081055,
    "max": 0.03819990158081055,
    "qps": 26.178077916890313
  },
  "filtered_search": {
    "mean": 0.009491395950317384,
    "median": 0.009341001510620117,
    "p95": 0.010039806365966797,
    "p99": 0.010106372833251952,
    "min": 0.008975028991699219,
    "max": 0.010123014450073242,
    "qps": 105.35858004812884
  },
  "retrieve_by_id": {
    "mean": 0.0016649723052978515,
    "median": 0.0014598369598388672,
    "p95": 0.0022995948791503904,
    "p99": 0.0024447059631347657,
    "min": 0.0013909339904785156,
    "max": 0.0024809837341308594,
    "qps": 600.6105908296819
  },
  "scroll": {
    "mean": 0.21327686309814453,
    "median": 0.21327686309814453,
    "p95": 0.21327686309814453,
    "p99": 0.21327686309814453,
    "min": 0.21327686309814453,
    "max": 0.21327686309814453,
    "qps": 4.688741129598411
  },
  "concurrent_search": {
    "mean": 0.04246071815490723,
    "median": 0.03489339351654053,
    "p95": 0.09342277050018309,
    "p99": 0.13318870306015032,
    "min": 0.009589433670043945,
    "max": 0.16762399673461914,
    "qps": 23.55117961857715
  }
}