{
  "timestamp": "2025-09-24T07:42:36.901582",
  "qdrant_collection": "test_vectors",
  "num_queries": 100,
  "num_inserts": 100,
  "qdrant_search": {
    "mean": 0.005458731651306153,
    "median": 0.005066514015197754,
    "min": 0.003997087478637695,
    "max": 0.023672103881835938,
    "qps": 183.19273851110128
  },
  "postgres_search": {
    "mean": 0.006645820140838623,
    "median": 0.006665706634521484,
    "min": 0.005585193634033203,
    "max": 0.015074968338012695,
    "qps": 150.47051813138776
  },
  "qdrant_insert": {
    "mean": 0.0022609710693359377,
    "median": 0.0021442174911499023,
    "min": 0.0015256404876708984,
    "max": 0.007043123245239258,
    "ops_per_sec": 442.2878353298465
  },
  "postgres_insert": null
}