{
  "timestamp": "2025-09-24T07:26:37.720902",
  "qdrant_collection": "test_vectors",
  "num_queries": 10,
  "num_inserts": 10,
  "qdrant_search": null,
  "postgres_search": {
    "mean": 0.003749990463256836,
    "median": 0.0032101869583129883,
    "min": 0.0028960704803466797,
    "max": 0.00869894027709961,
    "qps": 266.66734483679414
  },
  "qdrant_insert": null,
  "postgres_insert": null
}