{
  "timestamp": "2025-09-24T07:27:40.305525",
  "qdrant_collection": "test_vectors",
  "num_queries": 10,
  "num_inserts": 10,
  "qdrant_search": {
    "mean": 0.006082320213317871,
    "median": 0.0050095319747924805,
    "min": 0.004622936248779297,
    "max": 0.01514124870300293,
    "qps": 164.4109426876928
  },
  "postgres_search": {
    "mean": 0.004002213478088379,
    "median": 0.0038220882415771484,
    "min": 0.0035719871520996094,
    "max": 0.00600123405456543,
    "qps": 249.86173413159383
  },
  "qdrant_insert": {
    "mean": 0.002453470230102539,
    "median": 0.002306342124938965,
    "min": 0.002003908157348633,
    "max": 0.0040209293365478516,
    "ops_per_sec": 407.58595222824715
  },
  "postgres_insert": null
}