{
  "timestamp": "2025-09-24T07:27:55.876462",
  "qdrant_collection": "test_vectors",
  "num_queries": 20,
  "num_inserts": 20,
  "qdrant_search": {
    "mean": 0.005707478523254395,
    "median": 0.005329012870788574,
    "min": 0.004572868347167969,
    "max": 0.010843038558959961,
    "qps": 175.20871886343983
  },
  "postgres_search": {
    "mean": 0.003855741024017334,
    "median": 0.0037484169006347656,
    "min": 0.003498077392578125,
    "max": 0.005650997161865234,
    "qps": 259.35351823968983
  },
  "qdrant_insert": {
    "mean": 0.0025221586227416994,
    "median": 0.0021866559982299805,
    "min": 0.001764059066772461,
    "max": 0.006144046783447266,
    "ops_per_sec": 396.48576857269796
  },
  "postgres_insert": null
}