{
  "timestamp": "2025-09-24T07:28:16.534666",
  "qdrant_collection": "test_vectors",
  "num_queries": 20,
  "num_inserts": 20,
  "qdrant_search": {
    "mean": 0.005553734302520752,
    "median": 0.004933953285217285,
    "min": 0.0042018890380859375,
    "max": 0.01031494140625,
    "qps": 180.05902794919731
  },
  "postgres_search": {
    "mean": 0.003818202018737793,
    "median": 0.003715991973876953,
    "min": 0.0034990310668945312,
    "max": 0.005536556243896484,
    "qps": 261.90337627304916
  },
  "qdrant_insert": {
    "mean": 0.0025030851364135744,
    "median": 0.0022355318069458008,
    "min": 0.0018711090087890625,
    "max": 0.005441904067993164,
    "ops_per_sec": 399.50698657929075
  },
  "postgres_insert": {
    "mean": 0.0076265096664428714,
    "median": 0.007152438163757324,
    "min": 0.006736040115356445,
    "max": 0.011878013610839844,
    "ops_per_sec": 131.12158034756894
  }
}