{
  "single_insert": {
    "mean": 0.004208612442016602,
    "median": 0.004308938980102539,
    "p95": 0.004937982559204102,
    "p99": 0.004978151321411133,
    "min": 0.0032188892364501953,
    "max": 0.004988193511962891,
    "throughput": 237.60800353497012
  },
  "batch_insert_10": {
    "mean": 0.00944209098815918,
    "median": 0.00944209098815918,
    "p95": 0.00944209098815918,
    "p99": 0.00944209098815918,
    "min": 0.00944209098815918,
    "max": 0.00944209098815918,
    "throughput": 1059.0874428704897,
    "batch_size": 10
  },
  "batch_insert_100": {
    "mean": 0.057476043701171875,
    "median": 0.057476043701171875,
    "p95": 0.057476043701171875,
    "p99": 0.057476043701171875,
    "min": 0.057476043701171875,
    "max": 0.057476043701171875,
    "throughput": 1739.8553129355546,
    "batch_size": 100
  },
  "batch_insert_1000": {
    "mean": 0.5473966598510742,
    "median": 0.5473966598510742,
    "p95": 0.5473966598510742,
    "p99": 0.5473966598510742,
    "min": 0.5473966598510742,
    "max": 0.5473966598510742,
    "throughput": 1826.828830618115,
    "batch_size": 1000
  },
  "concurrent_insert": {
    "mean": 0.09172781944274902,
    "median": 0.08597397804260254,
    "p95": 0.1268797993659973,
    "p99": 0.13190136432647703,
    "min": 0.061582088470458984,
    "max": 0.1355278491973877,
    "throughput": 10.90181807520389
  },
  "update": {
    "mean": 0.0029019832611083983,
    "median": 0.003019094467163086,
    "p95": 0.003836679458618164,
    "p99": 0.00398503303527832,
    "min": 0.0020987987518310547,
    "max": 0.004022121429443359,
    "throughput": 344.5919255985146
  },
  "delete": {
    "mean": 0.001567983627319336,
    "median": 0.0014629364013671875,
    "p95": 0.0020602226257324216,
    "p99": 0.0021446800231933595,
    "min": 0.0011861324310302734,
    "max": 0.0021657943725585938,
    "throughput": 637.7617613964662
  }
}