{
  "timestamp": "2025-09-24T07:51:22.230827",
  "qdrant_collection": "test_vectors",
  "num_queries": 5,
  "num_inserts": 5,
  "qdrant_search": {
    "mean": 0.030803918838500977,
    "median": 0.028368234634399414,
    "min": 0.02030014991760254,
    "max": 0.04204416275024414,
    "qps": 32.46340198605274
  },
  "postgres_search": {
    "mean": 0.023281431198120116,
    "median": 0.017815113067626953,
    "min": 0.011062145233154297,
    "max": 0.03660893440246582,
    "qps": 42.95268583319508
  },
  "qdrant_insert": {
    "mean": 0.020483636856079103,
    "median": 0.02117300033569336,
    "min": 0.009172916412353516,
    "max": 0.02764105796813965,
    "ops_per_sec": 48.81945559893196
  },
  "postgres_insert": null
}